tables,method,reference,rows,top1_percent,top3_percent,top5_percent,top10_percent,top20_percent,nll,mrr,ndcg5,rescues,breaks,net,delta_top1_pp,position_ci_low_pp,position_ci_high_pp,game_ci_low_pp,game_ci_high_pp,mcnemar_p,switch_percent,threshold,ece_all_percent,ece_disagreement_percent
1;5;6,MAIA3 base,MAIA3 base,884049,57.25485804519885,83.8762331047261,91.8430991947279,97.83575344805548,99.77003537134253,1.292239364109234,0.7197130529563788,0.7623037720290213,,,,,,,,,,,,0.2776725217398657,2.796045459097688
5;6,MAIA3 calibrated,MAIA3 base,884049,57.25485804519885,83.8762331047261,91.8430991947279,97.83575344805548,99.77003537134253,1.2841011166381684,0.7197130529563788,0.7623037720290213,,,,,,,,,,,,,
5;6,MAIA3 trust-region refiner,MAIA3 base,884049,57.08812520572955,83.79128306236419,91.79050030032272,97.83575344805548,99.77003537134253,1.2850632258736703,0.7185513055117612,0.76123541269642,0,1474,-1474,-0.1667328394693079,-0.17621470689559,-0.1576036978505,,,4.74e-322,,,,
1;5;6,Allie policy-only base,MAIA3 base,884049,55.73390162762472,82.62189086804011,90.93240306815572,97.39878671883572,99.6913067035877,1.3482637196851117,0.7071642209363017,0.7498780633098938,40146,53592,-13446,-1.5209564175741337,-1.589391538251839,-1.4540625010604615,,,0.0,,,0.5896937825154432,9.745516442632532
5;6,Allie calibrated,Allie policy-only base,884049,55.73390162762472,82.62189086804011,90.93240306815572,97.39878671883572,99.6913067035877,1.3381679768095147,0.7071642209363017,0.7498780633098938,,,,,,,,,,,,,
5;6,Allie trust-region refiner,Allie policy-only base,884049,55.73390162762472,82.62177775213817,90.93081944552847,97.39878671883572,99.6913067035877,1.3396075348723948,0.7071632419451026,0.7498713628891573,0,0,0,0.0,0.0,0.0,,,1.0,,,,
5;6,convex ensemble alpha=0.70,MAIA3 base,884049,57.27125985098112,83.91344823646652,91.8367647042189,97.82613859639002,99.76833863281334,1.2886660298851844,0.7198194013305171,0.7623611494485155,13468,13323,145,0.016401805782258676,-0.02058992205183197,0.05533912712983101,,,0.37898514741434425,,,,
5;6,geometric ensemble alpha=0.70,MAIA3 base,884049,57.24727927976843,83.91876468385802,91.8515828873739,97.84423714070147,99.77275015298926,1.2872524768143871,0.7197187257775316,0.7623327021658323,14404,14471,-67,-0.0075787654304229745,-0.04593919567806762,0.03077035322702701,,,0.6977175840192559,,,,
2;23,Oracle diagnostic,MAIA3 base,884049,61.79600904474752,,,,,,,,40146,0,40146,4.54115099954867,4.49635427448026,4.58379569458254,,,0.0,,,,
2;23,raw max-p selector,MAIA3 base,884049,57.03858044067693,,,,,,,,19962,21874,-1912,-0.2162776045219203,-0.2632631222929951,-0.1706862402423395,,,9.365652132515595e-21,,,,
2;23,min-entropy selector,MAIA3 base,884049,56.963019018176595,,,,,,,,15954,18534,-2580,-0.2918390270222559,-0.3324476358210913,-0.2481678051782197,,,7.564922163299694e-44,,,,
2;23,max-margin selector,MAIA3 base,884049,57.01030146519028,,,,,,,,21171,23333,-2162,-0.2445565800085702,-0.289472076774025,-0.1962447782871763,,,1.2636096382625671e-24,,,,
2;23,cross-model trained selector,MAIA3 base,884049,57.05170188530274,,,,,,,,21596,23392,-1796,-0.20315615989611435,-0.24843645544534296,-0.15496030197421184,,,2.609444968459601e-17,,,,
2;23,MAIA3 shortlist selector,MAIA3 base,884049,57.236985732691295,,,,,,,,12909,13067,-158,-0.017872312507564627,-0.055780279147422826,0.017433988387521495,,,0.32999578591253753,,,,
2;23,Allie shortlist selector,Allie policy-only base,884049,57.16549648266103,,,,,,,,33004,20348,12656,1.4315948550363158,1.3799942084658203,1.4836309978293059,,,0.0,,,,
2;23,Allie shortlist selector,MAIA3 base,884049,57.16549648266103,,,,,,,,21044,21834,-790,-0.08936156253782312,-0.13631314553831292,-0.04365142656119741,,,0.00013879543984187455,,,,
2;12;23,rank-2 correction gate,MAIA3 base,884049,57.39138893884841,,,,,,,,14176,12969,1207,0.13653089364956014,0.10022068912469784,0.1729570419739177,0.09976167567965427,0.1734911230240579,2.4824194815376713e-13,5.338278760566439,-0.002121984958648682,,
3;14;24,cross-model MLP,MAIA3 base,884049,57.08258252653417,,,,,,,,16835,18358,-1523,-0.1722755186646885,-0.21458369389027082,-0.13087509855222956,-0.2146424508797676,-0.1296822531570754,4.934686888576659e-16,,,,
3;14;24,cross-model XGBoost,MAIA3 base,884049,57.096835130179436,,,,,,,,743,2140,-1397,-0.1580229150194179,-0.16990008472381057,-0.14591951351112892,-0.1701130541393405,-0.1458218369957179,5.03189293701201e-149,,,,
3;14;24,MAIA3 shortlist XGBoost,MAIA3 base,884049,57.09027440786654,,,,,,,,77,1532,-1455,-0.16458363733231618,-0.17329638967975755,-0.1555343651765909,-0.1734467005328688,-0.15579325824913764,1.0609490548450875e-287,,,,
3;14;24,Allie shortlist XGBoost,Allie policy-only base,884049,56.42232500687179,,,,,,,,10914,4828,6086,0.6884233792470718,0.6604837514662649,0.7160236593220511,0.6586964531034076,0.7180946484878166,0.0,,,,
